Workbook

Sheet DFMEA Template
A1: Design Failure Mode and Effects Analysis (DFMEA) Template
A3: Project / Program | E3: Product / System | I3: DFMEA No.
A4: Customer | E4: Design Owner | I4: Revision
A5: Prepared By | E5: Reviewed By | I5: Date
A6: Confidentiality | C6: Internal / Customer | E6: Scope Boundary | I6: Status | K6: Draft
A8: Item / Component | B8: Function / Requirement | C8: Potential Failure Mode | D8: Potential Effects of Failure | E8: Severity (S) | F8: Classification / Special Characteristic | G8: Potential Causes / Mechanisms | H8: Prevention Controls | I8: Occurrence (O) | J8: Detection Controls | K8: Detection (D) | L8: RPN = S×O×D | M8: Action Priority | N8: Recommended Actions | O8: Responsibility | P8: Target Completion Date | Q8: Action Status | R8: Actions Taken / Evidence | S8: Completion Date | T8: Revised Severity | U8: Revised Occurrence | V8: Revised Detection | W8: Revised RPN | X8: Residual Risk Decision | Y8: Lessons Learned / Reuse Notes | Z8: Linked Requirement ID | AA8: Drawing / CAD Ref. | AB8: Test / Validation Ref. | AC8: Change Request / ECO Ref. | AD8: Supplier / Interface | AE8: Remarks
L9: =IF(OR(E9="",I9="",K9=""),"",E9*I9*K9) | M9: =IF(L9="","",IF(OR(E9>=9,L9>=200),"High",IF(L9>=100,"Medium","Low"))) | W9: =IF(OR(T9="",U9="",V9=""),"",T9*U9*V9) | X9: =IF(W9="","",IF(OR(T9>=9,W9>=200),"Accept with Management Approval",IF(W9>=100,"Action / Monitor","Accept")))
L10: =IF(OR(E10="",I10="",K10=""),"",E10*I10*K10) | M10: =IF(L10="","",IF(OR(E10>=9,L10>=200),"High",IF(L10>=100,"Medium","Low"))) | W10: =IF(OR(T10="",U10="",V10=""),"",T10*U10*V10) | X10: =IF(W10="","",IF(OR(T10>=9,W10>=200),"Accept with Management Approval",IF(W10>=100,"Action / Monitor","Accept")))
L11: =IF(OR(E11="",I11="",K11=""),"",E11*I11*K11) | M11: =IF(L11="","",IF(OR(E11>=9,L11>=200),"High",IF(L11>=100,"Medium","Low"))) | W11: =IF(OR(T11="",U11="",V11=""),"",T11*U11*V11) | X11: =IF(W11="","",IF(OR(T11>=9,W11>=200),"Accept with Management Approval",IF(W11>=100,"Action / Monitor","Accept")))
L12: =IF(OR(E12="",I12="",K12=""),"",E12*I12*K12) | M12: =IF(L12="","",IF(OR(E12>=9,L12>=200),"High",IF(L12>=100,"Medium","Low"))) | W12: =IF(OR(T12="",U12="",V12=""),"",T12*U12*V12) | X12: =IF(W12="","",IF(OR(T12>=9,W12>=200),"Accept with Management Approval",IF(W12>=100,"Action / Monitor","Accept")))
L13: =IF(OR(E13="",I13="",K13=""),"",E13*I13*K13) | M13: =IF(L13="","",IF(OR(E13>=9,L13>=200),"High",IF(L13>=100,"Medium","Low"))) | W13: =IF(OR(T13="",U13="",V13=""),"",T13*U13*V13) | X13: =IF(W13="","",IF(OR(T13>=9,W13>=200),"Accept with Management Approval",IF(W13>=100,"Action / Monitor","Accept")))
L14: =IF(OR(E14="",I14="",K14=""),"",E14*I14*K14) | M14: =IF(L14="","",IF(OR(E14>=9,L14>=200),"High",IF(L14>=100,"Medium","Low"))) | W14: =IF(OR(T14="",U14="",V14=""),"",T14*U14*V14) | X14: =IF(W14="","",IF(OR(T14>=9,W14>=200),"Accept with Management Approval",IF(W14>=100,"Action / Monitor","Accept")))
L15: =IF(OR(E15="",I15="",K15=""),"",E15*I15*K15) | M15: =IF(L15="","",IF(OR(E15>=9,L15>=200),"High",IF(L15>=100,"Medium","Low"))) | W15: =IF(OR(T15="",U15="",V15=""),"",T15*U15*V15) | X15: =IF(W15="","",IF(OR(T15>=9,W15>=200),"Accept with Management Approval",IF(W15>=100,"Action / Monitor","Accept")))
L16: =IF(OR(E16="",I16="",K16=""),"",E16*I16*K16) | M16: =IF(L16="","",IF(OR(E16>=9,L16>=200),"High",IF(L16>=100,"Medium","Low"))) | W16: =IF(OR(T16="",U16="",V16=""),"",T16*U16*V16) | X16: =IF(W16="","",IF(OR(T16>=9,W16>=200),"Accept with Management Approval",IF(W16>=100,"Action / Monitor","Accept")))
L17: =IF(OR(E17="",I17="",K17=""),"",E17*I17*K17) | M17: =IF(L17="","",IF(OR(E17>=9,L17>=200),"High",IF(L17>=100,"Medium","Low"))) | W17: =IF(OR(T17="",U17="",V17=""),"",T17*U17*V17) | X17: =IF(W17="","",IF(OR(T17>=9,W17>=200),"Accept with Management Approval",IF(W17>=100,"Action / Monitor","Accept")))
L18: =IF(OR(E18="",I18="",K18=""),"",E18*I18*K18) | M18: =IF(L18="","",IF(OR(E18>=9,L18>=200),"High",IF(L18>=100,"Medium","Low"))) | W18: =IF(OR(T18="",U18="",V18=""),"",T18*U18*V18) | X18: =IF(W18="","",IF(OR(T18>=9,W18>=200),"Accept with Management Approval",IF(W18>=100,"Action / Monitor","Accept")))
L19: =IF(OR(E19="",I19="",K19=""),"",E19*I19*K19) | M19: =IF(L19="","",IF(OR(E19>=9,L19>=200),"High",IF(L19>=100,"Medium","Low"))) | W19: =IF(OR(T19="",U19="",V19=""),"",T19*U19*V19) | X19: =IF(W19="","",IF(OR(T19>=9,W19>=200),"Accept with Management Approval",IF(W19>=100,"Action / Monitor","Accept")))
L20: =IF(OR(E20="",I20="",K20=""),"",E20*I20*K20) | M20: =IF(L20="","",IF(OR(E20>=9,L20>=200),"High",IF(L20>=100,"Medium","Low"))) | W20: =IF(OR(T20="",U20="",V20=""),"",T20*U20*V20) | X20: =IF(W20="","",IF(OR(T20>=9,W20>=200),"Accept with Management Approval",IF(W20>=100,"Action / Monitor","Accept")))
... L108: =IF(OR(E108="",I108="",K108=""),"",E108*I108*K108) | M108: =IF(L108="","",IF(OR(E108>=9,L108>=200),"High",IF(L108>=100,"Medium","Low"))) | W108: =IF(OR(T108="",U108="",V108=""),"",T108*U108*V108) | X108: =IF(W108="","",IF(OR(T108>=9,W108>=200),"Accept with Management Approval",IF(W108>=100,"Action / Monitor","Accept")))

Sheet Rating Scales
A1: DFMEA Rating Scales - Customize to Customer / Industry Standard
A3: Rating | B3: Severity Guidance | C3: Occurrence Guidance | D3: Detection Guidance | E3: Typical Interpretation
A4: 10 | B4: Hazardous without warning; safety/regulatory non-compliance | C4: Very high; failure almost inevitable | D4: No detection control | E4: Higher number = higher risk / weaker control
A5: 9 | B5: Hazardous with warning; serious safety/regulatory impact | C5: Very high; repeated failures likely | D5: Very remote detection | E5: Higher number = higher risk / weaker control
A6: 8 | B6: Loss of primary function; product inoperable | C6: High; frequent failures | D6: Remote detection | E6: Higher number = higher risk / weaker control
A7: 7 | B7: Major performance degradation; customer highly dissatisfied | C7: High-moderate; recurring failures | D7: Very low detection capability | E7: Higher number = higher risk / weaker control
A8: 6 | B8: Moderate degradation; partial function loss | C8: Moderate; occasional failures | D8: Low detection capability | E8: Higher number = higher risk / weaker control
A9: 5 | B9: Reduced convenience/comfort; noticeable issue | C9: Low-moderate; isolated failures | D9: Moderate detection capability | E9: Higher number = higher risk / weaker control
A10: 4 | B10: Minor degradation; most customers notice | C10: Low; relatively few failures | D10: Moderately high detection | E10: Higher number = higher risk / weaker control
A11: 3 | B11: Very minor; some customers notice | C11: Very low; rare failures | D11: High detection capability | E11: Higher number = higher risk / weaker control
A12: 2 | B12: No discernible effect to customer; internal impact only | C12: Remote; unlikely failures | D12: Very high detection capability | E12: Higher number = higher risk / weaker control
A13: 1 | B13: No effect | C13: Extremely remote; failure unlikely | D13: Almost certain detection/prevention | E13: Higher number = higher risk / weaker control

Sheet Instructions
A1: How to Use This DFMEA Template
A3: Purpose | B3: Use this workbook to identify and reduce design-related failure risks before design release, prototype validation, supplier sourcing, and production launch.
A4: Recommended Sequence | B4: 1. Define item/function and requirements. 2. Identify failure modes and effects. 3. Rate severity. 4. Identify causes and prevention controls. 5. Rate occurrence. 6. Identify detection controls. 7. Rate detection. 8. Prioritize and assign actions. 9. Re-rate residual risk after actions.
A5: Engineering Notes | B5: Link each row to requirement IDs, CAD/drawing references, test cases, tolerance stack-up, simulations, design reviews, and change records wherever possible.
A6: Cost Engineering Notes | B6: Use DFMEA actions to prevent warranty cost, rework, scrap, late engineering changes, tooling modification, supplier quality claims, and customer launch issues.
A7: Customization | B7: Adjust rating scales, action priority logic, and mandatory fields as per customer-specific procedures, AIAG-VDA alignment, or internal QMS requirements.

Sheet Action Tracker
A1: Action ID | B1: DFMEA Row No. | C1: Recommended Action | D1: Owner | E1: Target Date | F1: Status | G1: Completion Date | H1: Evidence / Link | I1: Escalation Required | J1: Comments
A2: A-001
A3: A-002
A4: A-003
A5: A-004
A6: A-005
A7: A-006
A8: A-007
A9: A-008
A10: A-009
A11: A-010
A12: A-011
A13: A-012
... A51: A-050

Sheet Summary Dashboard
A1: DFMEA Summary Dashboard
A3: Total Failure Modes | B3: =COUNTA('DFMEA Template'!C9:C108)
A4: High Action Priority | B4: =COUNTIF('DFMEA Template'!M9:M108,"High")
A5: Medium Action Priority | B5: =COUNTIF('DFMEA Template'!M9:M108,"Medium")
A6: Low Action Priority | B6: =COUNTIF('DFMEA Template'!M9:M108,"Low")
A7: Open Actions | B7: =COUNTIF('DFMEA Template'!Q9:Q108,"Open")
A8: Completed Actions | B8: =COUNTIF('DFMEA Template'!Q9:Q108,"Completed")
